{
  "gameshow": {
    "title": "🎭 THE MASKED EMPLOYEE 🎭",
    "welcome_title": "ONTDEK DE MYSTERIEUZE SUPERHELD IN JEZELF!",
    "congratulations": "Ben jij klaar voor het avontuur van je leven? The Masked Employee gaat beginnen en WIJ ZOEKEN JOUW VERBORGEN SUPERKRACHT!\n\nDit is geen gewone vragenlijst - dit is jouw kans om te schitteren als de mysterieuze held die je altijd al was. Vergeet alles wat je denkt over \"normaal zijn\" op kantoor. Het is tijd om die gekke, creatieve, onverwachte kant van jezelf te laten zien die thuis misschien operazanger is, pizza met ananas eet, of stiekem alle K-pop choreografieën uit het hoofd kent!",
    "confidentiality_title": "⚠️ ABSOLUTE GEHEIMHOUDING VERPLICHT ⚠️",
    "confidentiality_warning": "LET OP: Door deel te nemen aan deze vragenlijst ga je akkoord met de volgende geheimhoudingsregels:",
    "forbidden_rules": [
      "Het bespreken van deze vragenlijst met collega's",
      "Het delen van je antwoorden met anderen",
      "Het onthullen wie er deelneemt aan de show",
      "Het bespreken van welke talenten of eigenschappen je hebt prijsgegeven",
      "Het geven van hints over je identiteit tijdens de show"
    ],
    "penalty_clause": "💰 BOETECLAUSULE: Bij overtreding van de geheimhoudingsplicht wordt een boete van €9.750 in rekening gebracht. Deze regel geldt voor alle deelnemers en medewerkers die kennis hebben van de deelnemerslijst.",
    "how_it_works_title": "🎯 HOE HET WERKT:",
    "how_it_works": [
      "Met deze vragenlijst maken we een profiel aan van jouw \"superheld\"",
      "Vervolgens wordt dit aan een AI gegeven die er een Fantasy Karakter van maakt.",
      "4 van jullie [en dat blijft een groot geheim] worden vervolgens gefilmd op een geheime lokatie",
      "En deze filmpjes worden wederom door AI omgezet in dat karakter.",
      "Aan jullie collega's de spannende taak om te raden wie achter elk karakter schuil gaat."
    ],
    "final_message": "Onthoud: Het succes van deze show hangt volledig af van absolute geheimhouding. Vertrouw erop dat iedereen zich aan deze regels houdt voor een magische ervaring!"
  },
  "chapters": [
    "chapter1-introductie.json",
    "chapter2-masked-identity.json",
    "chapter3-persoonlijke-eigenschappen.json",
    "chapter4-verborgen-talenten.json",
    "chapter5-jeugd-verleden.json",
    "chapter6-fantasie-dromen.json",
    "chapter7-eigenaardigheden.json",
    "chapter8-onverwachte-voorkeuren.json"
  ]
}
